Date,Act_H1_Reg,Pred_H1_Reg,Pred_H1_Cls,Act_H2_Reg,Pred_H2_Reg,Pred_H2_Cls
2023-05-25,0.029754296,0.0025884444,0,0.08608364,0.010538014,0
2023-05-26,-0.0011776465,-0.0038931705,0,0.05454127,0.012353869,0
2023-05-27,0.010308397,0.0006831866,0,0.05454127,0.014826465,0
2023-05-28,0.017779939,0.0009913268,0,0.05454127,0.010574261,0
2023-05-29,0.017779939,0.0045156796,0,0.05454127,0.023541538,0
2023-05-30,0.013255284,-0.0010340614,0,0.048584107,0.007882891,0
2023-05-31,0.019662313,0.0010586539,0,0.040564887,0.009118749,0
2023-06-01,0.008007303,0.005245599,0,0.040808883,0.013732301,0
2023-06-02,-0.016575221,0.013428433,0,0.023374243,0.02575682,2
2023-06-03,-0.0042382083,0.013657658,0,0.023374243,0.016614072,0
2023-06-04,-0.00042281218,0.0148047265,0,0.023374243,0.021410706,2
2023-06-05,-0.0011275391,0.014607222,0,0.009173443,0.027357446,2
2023-06-06,-0.0009585724,0.012521914,0,0.02639053,0.019948851,2
2023-06-07,0.03290823,0.013939563,0,0.0454509,0.020893855,2
2023-06-08,0.02822593,0.0052456167,0,0.031109497,0.013732299,0
2023-06-09,0.031651605,0.0134284375,0,0.04259669,0.025756825,2
2023-06-10,0.043496873,0.013657668,0,0.04259669,0.016614078,0
2023-06-11,0.037184145,0.014804727,0,0.04259669,0.021410698,2
2023-06-12,0.020428322,0.014607178,0,0.028193051,0.027357457,2
2023-06-13,0.012773611,0.012521919,0,0.02053834,0.019948848,2
2023-06-14,0.0055325376,0.01393956,0,0.013270161,0.020893868,2
2023-06-15,-0.0077452376,0.005245615,0,-0.0062201633,0.013732292,0
2023-06-16,-0.015154032,0.013428428,0,-0.0032330728,0.02575684,2
2023-06-17,-0.0034239925,0.013657662,0,-0.0032330728,0.016614081,0
2023-06-18,-0.01338709,0.014804744,0,-0.0032330728,0.021410698,2
2023-06-19,-0.01338709,0.014607174,0,-0.0029053716,0.027357424,2
2023-06-20,-0.011954582,0.012521918,0,0.003455476,0.019948855,2
2023-06-21,-0.01172913,0.013939569,0,0.029728113,0.020893868,2
2023-06-22,-0.006411048,0.0052456073,0,0.034833983,0.013732294,0
2023-06-23,0.0055014365,0.013428416,0,0.04458635,0.025756815,2
2023-06-24,0.0034970453,0.013657662,0,0.04458635,0.016614076,0
2023-06-25,0.018799635,0.01480476,0,0.04458635,0.021410689,2
2023-06-26,0.032295708,0.014607186,0,0.06737763,0.027357452,2
2023-06-27,0.015247586,0.01252191,0,0.05847674,0.019948859,2
2023-06-28,0.01565038,0.0139395585,0,0.056294113,0.020893855,2
2023-06-29,0.017654773,0.005245615,0,0.034976613,0.013732273,0
2023-06-30,0.0023250778,0.01342844,0,0.016670207,0.025756806,2
2023-07-01,-0.005319978,0.016257443,1,0.016670207,0.016219603,2
2023-07-02,-0.008645618,0.015736885,0,0.016670207,0.021672199,2
2023-07-03,-0.010997801,0.01640194,0,0.015914064,0.02723538,2
2023-07-04,-0.010997801,0.013269907,0,0.022669183,0.02069997,2
2023-07-05,-0.010642994,0.015710168,0,0.019364025,0.02100838,2
2023-07-06,0.001930402,0.006156401,0,0.024622299,0.013374807,0
2023-07-07,0.017807154,0.014170548,1,0.045998804,0.02665736,2
2023-07-08,0.03464306,0.016257457,1,0.045998804,0.016219607,2
2023-07-09,0.034432333,0.015736863,0,0.045998804,0.021672195,2
2023-07-10,0.03410463,0.016401965,0,0.0461924,0.02723538,2
2023-07-11,0.02917629,0.013269894,0,0.038941782,0.020699982,2
2023-07-12,0.025920384,0.01571016,0,0.004202033,0.021008374,2
2023-07-13,0.017231707,0.006156414,0,-0.014237684,0.013374813,0
2023-07-14,0.017209202,0.014170543,1,-0.018719638,0.026657347,2
2023-07-15,-0.0061126887,0.01625744,1,-0.018719638,0.016219597,2
2023-07-16,-0.009116507,0.01573687,0,-0.018719638,0.021672202,2
2023-07-17,-0.018411713,0.016401948,0,-0.019583851,0.02723537,2
2023-07-18,-0.026558945,0.013269902,0,-0.03626949,0.020699972,2
2023-07-19,-0.02472967,0.015710173,0,-0.04709183,0.02100837,2
2023-07-20,0.005347341,0.006156414,0,-0.021923417,0.013374785,0
2023-07-21,0.005018896,0.014170541,1,-0.025315825,0.026657356,2
2023-07-22,0.002632114,0.016257439,1,-0.025315825,0.016219595,2
2023-07-23,0.020682981,0.015736878,0,-0.025315825,0.021672174,2
2023-07-24,0.01908694,0.016401937,0,-0.015752034,0.02723537,2
2023-07-25,0.012331821,0.013269903,0,-0.033175513,0.020699982,2
2023-07-26,0.01618538,0.015710164,0,-0.04048874,0.021008369,2
2023-07-27,0.016249884,0.0061564147,0,-0.049084846,0.013374794,0
2023-07-28,-0.023989618,0.014170541,1,-0.06839147,0.02665735,2
2023-07-29,-0.025593426,0.016257444,1,-0.06839147,0.016219582,2
2023-07-30,-0.030286111,0.015736882,0,-0.06839147,0.021672193,2
2023-07-31,-0.030807406,0.016401937,0,-0.052929837,0.027235374,2
2023-08-01,-0.028485129,-0.0033212192,0,-0.052037418,0.0067967623,0
2023-08-02,0.0021344994,-0.0019630874,0,-0.014203298,0.0079192,0
2023-08-03,-0.0048001,0.0059526786,0,-0.03420703,0.010539072,0
2023-08-04,-0.011162993,-0.007813115,0,-0.021792622,0.009407377,0
2023-08-05,-0.009316469,-0.0015500352,0,-0.021792622,0.011855455,0
2023-08-06,-0.015712695,-0.00080069806,0,-0.021792622,0.008535063,0
2023-08-07,-0.024143687,0.003481608,0,-0.022724561,0.02100636,0
2023-08-08,-0.015605279,-0.0033212057,0,0.0074185384,0.0067967456,0
2023-08-09,0.0066101295,-0.0019630853,0,0.02403523,0.007919192,0
2023-08-10,-0.005904757,0.0059526777,0,0.025182735,0.010539066,0
2023-08-11,-0.010154016,-0.007813106,0,0.030520229,0.009407368,0
2023-08-12,-0.021136908,-0.0015500308,0,0.030520229,0.011855455,0
2023-08-13,-0.022392666,-0.00080070924,0,0.030520229,0.00853507,0
2023-08-14,-0.033552498,0.0034816125,0,0.019360397,0.021006355,0
2023-08-15,-0.022884136,-0.0033212071,0,0.031299155,0.0067967307,0
2023-08-16,0.0037442814,-0.0019630878,0,0.033097737,0.0079192035,0
2023-08-17,0.013297313,0.005952684,0,0.03690339,0.010539079,0
2023-08-18,0.030198554,-0.00781312,0,0.039555673,0.009407386,0
2023-08-19,0.008591015,-0.0015500529,0,0.039555673,0.011855453,0
2023-08-20,0.016312739,-0.00080070645,0,0.039555673,0.008535096,0
2023-08-21,0.00032980827,0.0034816107,0,0.035286594,0.021006342,0
2023-08-22,0.0017596674,-0.0033212043,0,0.025566066,0.0067967363,0
2023-08-23,-0.006386765,-0.0019630943,0,0.013722459,0.0079192,0
2023-08-24,0.036825467,0.0059526674,0,0.04347397,0.010539075,0
2023-08-25,0.034664858,-0.007813126,0,0.01848084,0.009407379,0
2023-08-26,0.03765889,-0.0015500359,0,0.01848084,0.011855459,0
2023-08-27,0.036600158,-0.0008007167,0,0.01848084,0.008535095,0
2023-08-28,0.029101105,0.0034816423,0,0.01202382,0.021006359,0
2023-08-29,0.0074964114,-0.003321195,0,-0.011714444,0.0067967493,0
2023-08-30,0.0019352962,-0.001963096,0,-0.031791072,0.007919205,0
2023-08-31,0.00021166138,0.0059526768,0,-0.05327937,0.010539055,0
2023-09-01,-0.007576509,-0.008547215,0,-0.052080877,0.009421883,0
2023-09-02,-0.014753748,-0.005178209,0,-0.052080877,0.010353474,0
2023-09-03,-0.013357224,-0.0029938603,0,-0.052080877,0.006687138,0
2023-09-04,-0.013357224,0.0008484619,0,-0.047342353,0.011806218,0
2023-09-05,-0.014627618,-0.0061914087,0,-0.063743114,0.0069283918,0
2023-09-06,0.005933139,-0.0039976332,0,-0.0525555,0.008711703,0
2023-09-07,0.0019599898,-0.0017259177,0,-0.03704784,0.006691413,0
2023-09-08,0.004365342,-0.008547213,0,-0.03771834,0.009421891,0
2023-09-09,0.012509314,-0.005178202,0,-0.03771834,0.010353465,0
2023-09-10,-0.0047620926,-0.0029938836,0,-0.03771834,0.006687155,0
2023-09-11,-0.016475946,0.0008484507,0,-0.041121166,0.011806222,0
2023-09-12,-0.005325558,-0.0061913948,0,-0.047676176,0.0069284085,0
2023-09-13,-0.0080854045,-0.003997621,0,-0.03796115,0.0087116975,0
2023-09-14,-0.018362945,-0.0017259102,0,-0.049055863,0.0066914223,0
2023-09-15,-0.015607052,-0.008547221,0,-0.01516786,0.0094218645,0
2023-09-16,-0.034101322,-0.0051782005,0,-0.01516786,0.010353468,0
2023-09-17,-0.03396156,-0.0029938724,0,-0.01516786,0.006687138,0
2023-09-18,-0.03500359,0.0008484712,0,-0.011122847,0.011806214,0
2023-09-19,-0.03287002,-0.00619142,0,-0.0034668115,0.0069284067,0
2023-09-20,-0.013615987,-0.003997629,0,0.018158684,0.00871169,0
2023-09-21,-0.010252083,-0.0017259018,0,0.03317201,0.006691428,0
2023-09-22,-0.008051132,-0.00854723,0,0.020382574,0.009421896,0
2023-09-23,0.0002792879,-0.0051782085,0,0.020382574,0.010353468,0
2023-09-24,0.0010053134,-0.002993879,0,0.020382574,0.0066871643,0
2023-09-25,-0.0037332093,0.00084845163,0,0.026886884,0.011806212,0
2023-09-26,0.011397156,-0.0061914152,0,0.038736667,0.0069283936,0
2023-09-27,0.017367471,-0.0039976193,0,0.023191234,0.008711696,0
2023-09-28,-0.008668344,-0.0017259065,0,0.005459798,0.0066914186,0
2023-09-29,0.004122532,-0.008547235,0,-0.010296553,0.009421887,0
2023-09-30,0.0011717909,-0.005178201,0,-0.010296553,0.010353472,0
2023-10-01,0.017788386,0.0038502347,0,-0.010296553,0.006035747,0
2023-10-02,0.009477361,0.007225669,0,-0.015594589,0.01931162,0
2023-10-03,0.027182756,0.0017416799,0,0.011791877,0.003325535,0
2023-10-04,0.018752899,0.0035890075,0,-0.026505442,0.0036551263,0
2023-10-05,0.027226107,0.007393647,0,-0.042805932,0.006514402,0
2023-10-06,0.017719492,-0.0014483393,0,-0.054632574,0.007093722,0
2023-10-07,0.014238553,0.0040219575,0,-0.054632574,0.0082831215,0
2023-10-08,0.0015888734,0.0038502202,0,-0.054632574,0.006035758,0
2023-10-09,-0.0034981708,0.007225657,0,-0.048517503,0.019311618,0
2023-10-10,-0.009020638,0.0017416626,0,-0.049269054,0.0033255238,0
2023-10-11,-0.004887785,0.0035889945,0,-0.039171103,0.0036551543,0
2023-10-12,-0.004687429,0.0073936405,0,-0.017699612,0.006514419,0
2023-10-13,-0.0052424716,-0.0014483468,0,0.0066304766,0.0070937295,0
2023-10-14,-0.0146434875,0.0040219505,0,0.0066304766,0.008283112,0
2023-10-15,-0.029673813,0.0038502254,0,0.0066304766,0.0060357507,0
2023-10-16,-0.040916648,0.007225644,0,-0.0005414091,0.0193116,0
2023-10-17,-0.037636064,0.0017416803,0,0.012147455,0.0033255275,0
2023-10-18,-0.021418352,0.0035889975,0,0.025996016,0.003655132,0
2023-10-19,-0.0023362644,0.0073936665,0,0.027671464,0.006514417,0
2023-10-20,-0.012086358,-0.0014483505,0,0.06493505,0.007093752,0
2023-10-21,-0.03133759,0.004021977,0,0.06493505,0.0082831215,0
2023-10-22,-0.026547633,0.003850236,0,0.06493505,0.006035762,0
2023-10-23,-0.029560624,0.007225643,0,0.05879868,0.019311605,0
2023-10-24,-0.039241694,0.0017416808,0,0.070415586,0.0033255368,0
2023-10-25,-0.0032591622,0.0035889884,0,0.09594838,0.0036551468,0
2023-10-26,0.020762984,0.0073936787,0,0.11605522,0.006514415,0
2023-10-27,0.03318096,-0.0014483482,0,0.111498386,0.007093722,0
2023-10-28,0.051171515,0.004021971,0,0.111498386,0.008283094,0
2023-10-29,0.06285192,0.0038502277,0,0.111498386,0.006035732,0
2023-10-30,0.05164981,0.0072256587,0,0.11239752,0.019311607,0
2023-10-31,0.046878893,0.0017416794,0,0.10180038,0.0033255368,0
2023-11-01,0.03374191,0.006307181,0,0.08867698,0.013608221,2
2023-11-02,0.025159638,0.0059362995,0,0.07068643,0.00478909,0
2023-11-03,0.014123069,0.0027493546,1,0.057594873,0.010380998,2
2023-11-04,0.0063974992,-0.0010484643,1,0.057594873,0.0105655175,0
2023-11-05,0.028630765,0.010247389,0,0.057594873,0.0023492891,0
2023-11-06,0.024559816,0.01530671,0,0.052650705,-0.0011253823,0
2023-11-07,0.015151535,0.0066123074,0,0.04585988,0.009165278,0
2023-11-08,0.011384311,0.006307169,0,0.044241745,0.013608206,2
2023-11-09,0.040407855,0.00593629,0,0.049450014,0.0047890954,0
2023-11-10,0.018926969,0.0027493574,1,0.030067354,0.010380998,2
2023-11-11,0.019782579,-0.0010484625,1,0.030067354,0.010565536,0
2023-11-12,0.020015696,0.010247386,0,0.030067354,0.002349304,0
2023-11-13,0.023139082,0.015306709,0,0.023864055,-0.0011253767,0
2023-11-14,0.0018411062,0.006612315,0,0.0050738375,0.009165268,0
2023-11-15,0.01318998,0.0063071735,0,-0.0014791355,0.013608234,2
2023-11-16,0.006508145,0.0059362995,0,0.011540676,0.0047890823,0
2023-11-17,0.0103595555,0.0027493443,1,0.015754322,0.010380972,2
2023-11-18,0.0103595555,-0.0010484643,1,0.015754322,0.010565525,0
2023-11-19,0.008948414,0.010247379,0,0.015754322,0.0023493096,0
2023-11-20,-0.0031528398,0.015306702,0,0.012159139,-0.001125373,0
2023-11-21,0.002673387,0.006612328,0,0.02591805,0.0091652945,0
2023-11-22,-0.002284362,0.006307183,0,0.03447045,0.013608204,2
2023-11-23,0.00033309197,0.0059362864,0,0.03360325,0.004789114,0
2023-11-24,0.00076993916,0.0027493602,1,0.039836667,0.010380972,2
2023-11-25,-0.0017473615,-0.0010484252,1,0.039836667,0.0105655175,0
2023-11-26,0.0011032447,0.0102473805,0,0.039836667,0.0023492835,0
2023-11-27,0.0019764644,0.015306713,0,0.04698882,-0.0011253655,0
2023-11-28,-0.0006409895,0.006612327,0,0.04946788,0.0091652535,0
2023-11-29,-0.008993379,0.006307193,0,0.035471067,0.013608204,2
2023-11-30,-0.0039683203,0.005936303,0,0.049556587,0.004789088,0
2023-12-01,-0.012619521,-0.004624894,0,0.048200745,0.008770576,0
2023-12-02,0.0012558992,-0.005740041,0,0.048200745,0.0063724667,0
2023-12-03,0.0057026637,0.0008693803,0,0.048200745,0.0058612674,0
2023-12-04,0.015029348,0.00513561,0,0.05752743,0.006952362,0
2023-12-05,0.01252159,-0.0024701804,0,0.061122723,0.008248556,0
2023-12-06,0.026828256,-0.0010096794,0,0.06895706,0.010303937,0
2023-12-07,0.020885518,-0.0004623616,0,0.05459535,0.007564828,0
2023-12-08,0.029075684,-0.0046249004,0,0.045811668,0.008770557,0
2023-12-09,0.028208487,-0.00574004,0,0.045811668,0.0063724555,0
2023-12-10,0.03303076,0.0008693775,0,0.045811668,0.005861258,0
2023-12-11,0.024524689,0.005135615,0,0.037305597,0.00695239,0
2023-12-12,0.016592005,-0.0024701674,0,0.012305745,0.008248577,0
2023-12-13,0.010234006,-0.0010096878,0,-0.010968989,0.010303939,0
2023-12-14,0.016197719,-0.00046234764,0,-0.015261597,0.0075648203,0
2023-12-15,-0.0035956637,-0.0046249023,0,-0.0188986,0.008770559,0
2023-12-16,0.007972555,-0.005740038,0,-0.0188986,0.0063724406,0
2023-12-17,0.009467323,0.00086937565,0,-0.0188986,0.005861271,0
2023-12-18,0.0031883935,0.0051356135,0,-0.004720164,0.006952364,0
2023-12-19,-0.0019081227,-0.002470173,0,-0.007843232,0.0082485955,0
2023-12-20,0.013062987,-0.0010097018,0,0.013882688,0.010303937,0
2023-12-21,0.0075978157,-0.00046235137,0,0.00439305,0.007564839,0
2023-12-22,0.008136796,-0.0046248976,0,0.0034111508,0.008770574,0
2023-12-23,0.007650502,-0.005740028,0,0.0034111508,0.0063724723,0
2023-12-24,0.0033135859,0.0008693859,0,0.0034111508,0.0058612637,0
2023-12-25,0.0033135859,0.005135613,0,0.0034111508,0.0069523584,0
2023-12-26,-0.002789462,-0.0024701543,0,-0.002789462,0.008248577,0
2023-12-27,-0.00482321,-0.0010096962,0,-0.010480139,0.010303926,0
2023-12-28,-0.021404086,-0.00046234392,0,0.004100655,0.0075648297,0
2023-12-29,-0.027704975,-0.0046248967,0,0.028074464,0.0087705795,0
2023-12-30,-0.03286478,-0.0057400335,0,0.028074464,0.0063724797,0
2023-12-31,-0.031679507,0.0008693803,0,0.028074464,0.0058612768,0
2024-01-01,-0.031679507,-0.0016270205,0,0.029379502,0.022907935,0
2024-01-02,-0.0146123385,-0.007180106,0,0.050587617,0.00981356,0
2024-01-03,0.01648283,-0.0059638494,0,0.066759296,0.011907848,0
2024-01-04,0.023616085,-0.000108158216,0,0.073139556,0.013993086,0
2024-01-05,0.029185625,-0.01131185,0,0.06597882,0.01207613,0
2024-01-06,0.031264205,-0.0074558835,0,0.06597882,0.016360266,0
2024-01-07,0.031777073,-0.0049447278,0,0.06597882,0.0113019645,0
2024-01-08,0.011319709,-0.0016270373,0,0.05570998,0.022907922,0
2024-01-09,0.009346261,-0.007180118,0,0.047057636,0.009813551,0
2024-01-10,0.002591449,-0.0059638354,0,0.020522205,0.011907846,0
2024-01-11,0.00041530363,-0.000108163804,0,0.03015031,0.013993086,0
2024-01-12,-0.0057544946,-0.011311851,0,0.04639678,0.012076139,0
2024-01-13,0.008340007,-0.007455886,0,0.04639678,0.016360262,0
2024-01-14,0.027976898,-0.004944739,0,0.04639678,0.011301983,0
2024-01-15,0.027976898,-0.0016270326,0,0.045090716,0.022907944,0
2024-01-16,0.028074464,-0.007180103,0,0.04317893,0.009813562,0
2024-01-17,0.03503643,-0.0059638578,0,0.059073564,0.0119078625,0
2024-01-18,0.025082877,-0.00010817405,0,0.046829242,0.013993077,0
2024-01-19,0.010979856,-0.011311857,0,0.036987346,0.012076121,0
2024-01-20,0.012200313,-0.007455905,0,0.036987346,0.016360262,0
2024-01-21,0.0062248413,-0.004944741,0,0.036987346,0.011301987,0
2024-01-22,0.0049198037,-0.001627041,0,0.031761978,0.022907952,0
2024-01-23,0.00077885826,-0.007180113,0,0.011901133,0.009813543,0
2024-01-24,0.0054335175,-0.005963839,0,0.017205458,0.0119078625,0
2024-01-25,-0.0024658353,-0.0001081517,0,0.018958425,0.013993083,0
2024-01-26,-0.016270986,-0.01131185,0,0.015824892,0.012076125,0
2024-01-27,-0.0045642997,-0.0074558896,0,0.015824892,0.016360277,0
2024-01-28,0.012195041,-0.0049447315,0,0.015824892,0.011302,0
2024-01-29,0.0020065089,-0.0016270336,0,0.005636359,0.022907916,0
2024-01-30,0.008685406,-0.007180122,0,0.0047383956,0.009813558,0
2024-01-31,0.027159961,-0.005963838,0,0.020509245,0.011907851,0
2024-02-01,0.0134439245,-0.0015201569,0,0.037657894,0.006525956,0
2024-02-02,0.0069222865,0.0020520473,0,0.017949473,0.013804488,0
2024-02-03,0.008772465,0.0013555391,0,0.017949473,0.009580668,0
2024-02-04,0.018567462,0.0047765058,0,0.017949473,0.007646447,0
2024-02-05,0.019873528,0.0070092278,0,0.018728841,0.007707035,0
2024-02-06,0.021882879,0.0018889587,0,0.023140557,0.010293419,0
2024-02-07,0.0077248476,0.0048059123,0,0.0075641614,0.012562683,0
2024-02-08,-0.009845233,-0.0015201485,0,0.014246833,0.0065259766,0
2024-02-09,-0.00880203,0.0020520538,0,0.019396523,0.013804475,0
2024-02-10,-0.005828608,0.001355527,0,0.019396523,0.009580661,0
2024-02-11,-0.014937611,0.004776505,0,0.019396523,0.007646445,0
2024-02-12,-0.011017284,0.0070092333,0,0.019742256,0.0077070426,0
2024-02-13,0.0047026165,0.0018889392,0,0.017349472,0.010293413,0
2024-02-14,-0.0061355815,0.0048059123,0,0.012775329,0.012562688,0
2024-02-15,-0.016685864,-0.0015201541,0,0.02486598,0.0065259766,0
2024-02-16,-0.011586633,0.0020520529,0,0.01943499,0.013804469,0
2024-02-17,0.017268704,0.0013555223,0,0.01943499,0.009580657,0
2024-02-18,0.014319622,0.004776501,0,0.01943499,0.007646434,0
2024-02-19,0.014319622,0.0070092287,0,0.015715152,0.0077070445,0
2024-02-20,0.021896483,0.0018889485,0,0.03752527,0.010293407,0
2024-02-21,0.025379557,0.0048059085,0,0.033819307,0.012562694,0
2024-02-22,-0.0010734128,-0.0015201354,0,0.002439571,0.00652596,0
2024-02-23,-0.0034630243,0.0020520547,0,-0.0065694684,0.013804479,0
2024-02-24,0.0050698253,0.0013555279,0,-0.0065694684,0.009580661,0
2024-02-25,0.020014511,0.0047764983,0,-0.0065694684,0.007646432,0
2024-02-26,0.02054121,0.0070092175,0,0.0034495073,0.007707037,0
2024-02-27,0.018138843,0.0018889513,0,0.0035356078,0.010293404,0
2024-02-28,0.01990294,0.0048059262,0,0.020661129,0.012562674,0
2024-02-29,-0.0067425924,-0.0015201559,0,0.016849361,0.006525969,0
2024-03-01,-0.015423222,-0.0052334554,0,0.0030479922,0.007410148,0
2024-03-02,-0.00035914997,0.0005377559,0,0.0030479922,0.008587472,0
2024-03-03,-0.014899143,0.00011425931,0,0.0030479922,0.005835399,0
2024-03-04,-0.011324549,0.0038466528,0,0.0029866318,0.015935166,0
2024-03-05,0.0067881355,-0.0024296073,0,0.017856374,0.004346242,0
2024-03-06,-0.0031957587,-0.000119039556,0,0.014992587,0.0051893834,0
2024-03-07,-0.004026574,0.0038733855,0,-0.0019164914,0.005940417,0
2024-03-08,0.0027976816,-0.005233462,0,0.012623502,0.0074101463,0
2024-03-09,0.00027328424,0.00053775235,0,0.012623502,0.008587463,0
2024-03-10,-0.011684837,0.00011425279,0,0.012623502,0.005835414,0
2024-03-11,-0.0079649985,0.0038466789,0,0.01845819,0.01593517,0
2024-03-12,-0.022198256,-0.0024296069,0,-0.0044427644,0.004346233,0
2024-03-13,-0.0049902406,-0.000119034434,0,0.00551477,0.005189376,0
2024-03-14,2.262394e-05,0.0038733818,0,-0.0073695537,0.0059404,0
2024-03-15,0.023767574,-0.005233478,0,0.016303614,0.007410176,0
2024-03-16,0.028488657,0.0005377506,0,0.016303614,0.008587474,0
2024-03-17,0.029631972,0.00011423975,0,0.016303614,0.005835427,0
2024-03-18,0.020139694,0.0038466789,0,0.0071064387,0.01593519,0
2024-03-19,0.017651226,-0.0024296031,0,0.00831063,0.0043462645,0
2024-03-20,0.002228444,-0.00011902745,0,-0.01224313,0.005189376,0
2024-03-21,-0.005735579,0.003873377,0,-0.001122001,0.0059404075,0
2024-03-22,-0.0034786277,-0.0052334704,0,-0.018335512,0.0074101686,0
2024-03-23,-0.0053236336,0.0005377472,0,-0.018335512,0.008587457,0
2024-03-24,-0.0053236336,0.00011425745,0,-0.018335512,0.0058354028,0
2024-03-25,-0.0016876791,0.0038466873,0,-0.031287532,0.015935177,0
2024-03-26,0.0015552621,-0.0024296055,0,-0.02795181,0.0043462496,0
2024-03-27,0.00026984396,-0.00011902372,0,-0.04362845,0.0051894,0
2024-03-28,-0.006552847,0.0038733855,0,-0.04750619,0.005940404,0
2024-03-29,-0.00431105,-0.0052334704,0,-0.06841219,0.0074101593,0
2024-03-30,-0.01971977,0.0005377593,0,-0.06841219,0.008587448,0
2024-03-31,-0.008004726,0.00011424208,0,-0.06841219,0.0058354232,0
2024-04-01,-0.010119576,0.000572226,0,-0.060520723,0.01566972,0
2024-04-02,-0.0014518787,-0.0038196957,0,-0.0370403,0.005433893,0
2024-04-03,-0.0033985716,-0.002372237,0,-0.03590016,0.007663466,0
2024-04-04,0.015702806,-0.0006951075,0,-0.025333112,0.0076253563,0
2024-04-05,-0.0047791693,-0.005672158,0,-0.021734247,0.007816181,0
2024-04-06,0.011063042,-0.0031711557,0,-0.021734247,0.009080656,0
2024-04-07,-0.005007152,-0.0013000998,0,-0.021734247,0.007302461,0
2024-04-08,-0.0053022564,0.0005722372,0,-0.017977217,0.015669731,0
2024-04-09,-0.008994914,-0.0038197078,0,-0.040706165,0.0054338947,0
2024-04-10,-0.01681596,-0.0023722453,0,-0.039195973,0.0076634362,0
2024-04-11,-0.03256539,-0.0006950954,0,-0.04235559,0.007625371,0
2024-04-12,-0.028771568,-0.0056721526,0,-0.006386315,0.007816177,0
2024-04-13,-0.03449431,-0.0031711548,0,-0.006386315,0.00908065,0
2024-04-14,-0.055400316,-0.0013000811,0,-0.006386315,0.0073024575,0
2024-04-15,-0.03881234,0.0005722223,0,0.021095512,0.015669735,0
2024-04-16,-0.03890512,-0.0038197078,0,0.02116167,0.005433893,0
2024-04-17,-0.016622426,-0.002372241,0,0.03284744,0.0076634604,0
2024-04-18,0.0039130426,-0.0006951019,0,0.040749345,0.007625358,0
2024-04-19,0.028200986,-0.005672153,0,0.06401074,0.007816158,0
2024-04-20,0.023359312,-0.0031711573,0,0.06401074,0.009080632,0
2024-04-21,0.038673222,-0.0013000858,0,0.06401074,0.007302435,0
2024-04-22,0.0286669,0.00057223625,0,0.056309074,0.015669713,0
2024-04-23,0.013854175,-0.00381969,0,0.04790801,0.0054338817,0
2024-04-24,0.01452437,-0.002372242,0,0.06003552,0.0076634455,0
2024-04-25,0.0003297547,-0.0006951038,0,0.06284368,0.0076253656,0
2024-04-26,-0.022240896,-0.0056721508,0,0.04704295,0.007816173,0
2024-04-27,-0.009558302,-0.003171153,0,0.04704295,0.009080652,0
2024-04-28,0.010340779,-0.0013000988,0,0.04704295,0.007302463,0
2024-04-29,0.006288646,0.00057221577,0,0.04993937,0.015669731,0
2024-04-30,0.025324935,-0.0038197087,0,0.070930175,0.0054338854,0
2024-05-01,0.043475527,0.001058666,0,0.077989355,0.009118725,0
2024-05-02,0.03095187,0.0025884341,0,0.06079824,0.010538049,0
2024-05-03,0.010462188,-0.003893164,0,0.05031108,0.012353882,0
2024-05-04,0.012641348,0.00068318914,0,0.05031108,0.014826471,0
2024-05-05,0.014996739,0.0009913286,0,0.05031108,0.01057425,0
2024-05-06,0.004102889,0.004515688,0,0.03941723,0.023541557,0
2024-05-07,0.00394395,-0.0010340577,0,0.043028843,0.007882915,0
2024-05-08,0.0068392055,0.0010586665,0,0.0365462,0.009118723,0
2024-05-09,0.01107171,0.002588435,0,0.023595806,0.010538029,0
2024-05-10,0.024225764,-0.0038931593,0,0.019378453,0.012353862,0
2024-05-11,0.022192255,0.0006831866,0,0.019378453,0.014826493,0
2024-05-12,0.021705432,0.0009913435,0,0.019378453,0.010574255,0
2024-05-13,0.01940078,0.0045156768,0,0.022428876,0.023541525,0
2024-05-14,0.012989115,-0.0010340502,0,0.01874982,0.007882899,0
2024-05-15,0.0044282232,0.00105866,0,0.023199663,0.00911871,0
2024-05-16,0.008416247,0.002588435,0,0.024887968,0.01053804,0
2024-05-17,0.008705511,-0.0038931612,0,0.024489556,0.012353852,0
2024-05-18,0.004196986,0.0006831789,0,0.024489556,0.014826477,0
2024-05-19,0.013608909,0.0009913407,0,0.024489556,0.010574253,0
2024-05-20,0.0066603543,0.0045156833,0,0.021572027,0.023541536,0
2024-05-21,0.0047058407,-0.0010340484,0,0.02645688,0.007882891,0
2024-05-22,0.004903399,0.0010586604,0,0.039667115,0.009118721,0
2024-05-23,0.013182475,0.0025884332,0,0.04958123,0.010538034,0
2024-05-24,-0.0033026915,-0.0038931621,0,0.04533719,0.012353858,0
2024-05-25,-0.014073927,0.0006831803,0,0.04533719,0.014826465,0
2024-05-26,-0.015935889,0.0009913314,0,0.04533719,0.010574263,0
2024-05-27,-0.015935889,0.004515675,0,0.05751257,0.02354153,0
2024-05-28,-0.019706441,-0.0010340465,0,0.054051276,0.007882897,0
2024-05-29,-0.00727812,0.0010586428,0,0.061124522,0.009118719,0
2024-05-30,0.0062257224,0.002588449,0,0.06415795,0.010538019,0
2024-05-31,0.028046975,-0.00389315,0,0.06333691,0.012353845,0
2024-06-01,0.027701769,0.013657671,0,0.06333691,0.016614072,0
2024-06-02,0.026816534,0.014804734,0,0.06333691,0.021410694,2
2024-06-03,0.021461457,0.014607192,0,0.046531927,0.027357435,2
2024-06-04,0.01872885,0.012521924,0,0.055170033,0.01994885,2
2024-06-05,0.002800588,0.01393957,0,0.03727369,0.020893857,2
2024-06-06,0.009985158,0.0052456073,0,0.040197004,0.013732273,0
2024-06-07,0.023883069,0.013428436,0,0.035877682,0.025756815,2
2024-06-08,0.02928866,0.01365767,0,0.035877682,0.01661407,0
2024-06-09,0.034456544,0.014804745,0,0.035877682,0.021410678,2
2024-06-10,0.030425515,0.014607191,0,0.03769465,0.027357446,2
2024-06-11,0.02358615,0.012521926,0,0.041300237,0.019948851,2
2024-06-12,0.022748854,0.013939581,0,0.03659008,0.020893825,2
2024-06-13,0.017652523,0.0052456036,0,0.03118449,0.013732282,0
2024-06-14,0.012484641,0.013428436,0,0.036389533,0.025756832,2
2024-06-15,0.0047468334,0.013657669,0,0.036389533,0.016614074,0
2024-06-16,0.0020638308,0.014804746,0,0.036389533,0.02141071,2
2024-06-17,-0.01011155,0.014607186,0,0.026589453,0.027357459,2
2024-06-18,-0.0104208095,0.012521924,0,0.027144548,0.01994886,2
2024-06-19,-0.021870716,0.013939569,0,0.03751699,0.020893855,2
2024-06-20,-0.0027621933,0.0052456167,0,0.023080613,0.01373229,0
2024-06-21,0.0019837548,0.013428446,0,0.031621248,0.025756836,2
2024-06-22,0.0045618643,0.013657671,0,0.031621248,0.01661407,0
2024-06-23,-0.0006426918,0.014804743,0,0.031621248,0.021410689,2
2024-06-24,0.010807215,0.014607208,0,0.045755334,0.027357439,2
2024-06-25,-0.000563501,0.0125219235,0,0.034767505,0.019948835,2
2024-06-26,0.0032215517,0.013939562,0,0.0029102273,0.02089384,2
2024-06-27,0.01108839,0.005245615,0,-0.00441165,0.013732288,0
2024-06-28,0.024595467,0.013428439,0,-0.008110253,0.025756836,2
2024-06-29,0.024595467,0.013657681,0,-0.008110253,0.01661408,0
2024-06-30,0.034968395,0.01480475,0,-0.008110253,0.021410689,2
2024-07-01,0.029120397,0.016401967,0,0.00082974584,0.027235374,2
2024-07-02,0.01867545,0.013269896,0,-0.013146146,0.020699993,2
2024-07-03,0.0127482265,0.015710175,0,-0.057978194,0.021008337,2
2024-07-04,0.013612581,0.006156426,0,-0.06906712,0.013374796,0
2024-07-05,0.013612095,0.0141705405,1,-0.0692362,0.026657341,2
2024-07-06,-0.008562088,0.01625745,1,-0.0692362,0.016219592,2
2024-07-07,-0.0027044564,0.015736885,0,-0.0692362,0.021672178,2
2024-07-08,-0.0050797556,0.01640197,0,-0.06960482,0.027235365,2
2024-07-09,-0.00594411,0.01326989,0,-0.08429569,0.020699987,2
2024-07-10,-0.013632371,0.015710164,0,-0.065503865,0.021008369,2
2024-07-11,0.008924697,0.006156414,0,-0.06784935,0.013374787,0
2024-07-12,-0.026727265,0.014170537,1,-0.09772813,0.026657347,2
2024-07-13,-0.031471033,0.01625745,1,-0.09772813,0.016219577,2
2024-07-14,-0.040374193,0.015736893,0,-0.09772813,0.021672172,2
2024-07-15,-0.043058373,0.016401954,0,-0.13068193,0.027235372,2
2024-07-16,-0.04344126,0.013269895,0,-0.12155521,0.02069999,2
2024-07-17,0.0011410702,0.015710177,0,-0.10264974,0.021008348,2
2024-07-18,0.0023538934,0.0061564045,0,-0.0677735,0.013374798,0
2024-07-19,-0.025272474,0.014170526,1,-0.0536617,0.026657352,2
2024-07-20,-0.0363614,0.016257457,1,-0.0536617,0.016219597,2
2024-07-21,-0.026157547,0.015736882,0,-0.0536617,0.021672172,2
2024-07-22,-0.040945545,0.016401967,0,-0.06629824,0.027235363,2
2024-07-23,-0.0374146,0.013269917,0,-0.03825749,0.020699976,2
2024-07-24,0.0011216042,0.015710175,0,-0.0014036603,0.021008356,2
2024-07-25,-0.001615985,0.006156411,0,0.034634512,0.013374805,0
2024-07-26,0.01734442,0.014170561,1,0.025715563,0.026657347,2
2024-07-27,-0.0071752477,0.016257452,1,0.025715563,0.016219588,2
2024-07-28,-0.031196395,0.015736874,0,0.025715563,0.021672176,2
2024-07-29,-0.033203073,0.016401961,0,0.03675937,0.027235385,2
2024-07-30,-0.019376557,0.013269913,0,0.0484851,0.020699978,2
2024-07-31,-0.07881044,0.015710177,0,0.023974197,0.021008343,2
2024-08-01,-0.044781156,0.0059526768,0,0.03251193,0.010539047,0
2024-08-02,-0.031648874,-0.007813128,0,0.067320086,0.009407375,0
2024-08-03,-0.0015163973,-0.0015500316,0,0.067320086,0.011855433,0
2024-08-04,0.0036922402,-0.0008007055,0,0.067320086,0.008535083,0
2024-08-05,0.033961862,0.0034816284,0,0.087834,0.021006357,0
2024-08-06,0.024452249,-0.0033211955,0,0.08130731,0.006796727,0
2024-08-07,0.037492573,-0.001963082,0,0.08078382,0.007919198,0
2024-08-08,0.031869903,0.0059526805,0,0.049186464,0.010539042,0
2024-08-09,0.026985567,-0.007813126,0,0.05582671,0.009407375,0
2024-08-10,0.051934812,-0.0015500477,0,0.05582671,0.011855457,0
2024-08-11,0.053219717,-0.00080069527,0,0.05582671,0.008535095,0
2024-08-12,0.05106826,0.0034816368,0,0.05367525,0.021006364,0
2024-08-13,0.026558455,-0.0033211983,0,-0.001665867,0.006796738,0
2024-08-14,0.039284635,-0.0019631009,0,-0.004592132,0.007919196,0
2024-08-15,0.012234605,0.0059526693,0,-0.028608128,0.010539077,0
2024-08-16,0.015603056,-0.007813118,0,-0.057045653,0.009407392,0
2024-08-17,-0.00037887815,-0.0015500373,0,-0.057045653,0.011855457,0
2024-08-18,0.010408125,-0.00080070086,0,-0.057045653,0.008535089,0
2024-08-19,-0.0026423587,0.0034816246,0,-0.05731859,0.02100638,0
2024-08-20,-0.00054157345,-0.0033211932,0,-0.046018366,0.006796725,0
2024-08-21,-0.014950639,-0.001963092,0,-0.029188827,0.007919202,0
2024-08-22,0.0040142178,0.0059526814,0,-0.0034386124,0.010539079,0
2024-08-23,-0.018185133,-0.007813113,0,-0.009755708,0.009407381,0
2024-08-24,-0.019650016,-0.001550033,0,-0.009755708,0.011855438,0
2024-08-25,-0.0078011365,-0.00080069806,0,-0.009755708,0.008535091,0
2024-08-26,0.0019545716,0.0034816135,0,-0.0044276505,0.021006366,0
2024-08-27,-0.001028351,-0.0033211936,0,-0.0068824473,0.006796742,0
2024-08-28,0.010383997,-0.00196308,0,0.0001909616,0.007919196,0
2024-08-29,-0.01898243,0.005952684,0,0.026625624,0.01053907,0
2024-08-30,-0.03343327,-0.007813126,0,0.012871597,0.009407347,0
2024-08-31,-0.032500025,-0.0015500254,0,0.012871597,0.011855451,0
2024-09-01,-0.05965264,-0.0029938444,0,0.012871597,0.00668714,0
2024-09-02,-0.05965264,0.0008484768,0,0.015518863,0.011806212,0
2024-09-03,-0.028821332,-0.0061913976,0,0.051162202,0.0069284197,0
2024-09-04,-0.013441825,-0.003997623,0,0.054690886,0.008711692,0
2024-09-05,-0.0051756334,-0.0017259261,0,0.06124262,0.0066914316,0
2024-09-06,0.043459885,-0.0085472325,0,0.08282274,0.009421874,0
2024-09-07,0.053228162,-0.0051781926,0,0.08282274,0.0103534665,0
2024-09-08,0.05769807,-0.0029938677,0,0.08282274,0.006687131,0
2024-09-09,0.044920526,0.00084846467,0,0.07275331,0.01180622,0
2024-09-10,0.035721086,-0.0061914087,0,0.04952342,0.00692839,0
2024-09-11,0.009810537,-0.003997637,0,0.02945251,0.0087116975,0
2024-09-12,0.0005703827,-0.0017259009,0,0.018936988,0.006691443,0
2024-09-13,-0.008238465,-0.008547244,0,0.026294978,0.009421879,0
2024-09-14,0.016731318,-0.005178201,0,0.026294978,0.010353476,0
2024-09-15,0.014826168,-0.002993876,0,0.026294978,0.0066871457,0
2024-09-16,0.019253818,0.00084846746,0,0.019953063,0.011806216,0
2024-09-17,0.018725693,-0.0061913985,0,0.034249227,0.0069283824,0
2024-09-18,0.025711898,-0.003997628,0,0.046425685,0.008711681,0
2024-09-19,0.0055541447,-0.0017259037,0,0.02031983,0.0066914503,0
2024-09-20,0.008386019,-0.008547233,0,0.023786824,0.009421885,0
2024-09-21,0.015871,-0.0051782047,0,0.023786824,0.01035347,0
2024-09-22,0.0102985,-0.0029938733,0,0.023786824,0.00668714,0
2024-09-23,0.007651234,0.0008484628,0,0.029496066,0.0118062105,0
2024-09-24,0.0028392063,-0.0061914218,0,0.011227101,0.00692839,0
2024-09-25,0.004620598,-0.0039976384,0,0.010422605,0.008711683,0
2024-09-26,-0.016894834,-0.0017259168,0,0.0036299091,0.0066914354,0
2024-09-27,-0.009910346,-0.00854722,0,0.015735757,0.009421878,0
2024-09-28,-0.010657587,-0.00517821,0,0.015735757,0.010353468,0
2024-09-29,0.0011703097,-0.0029938798,0,0.015735757,0.0066871475,0
2024-09-30,-0.0015378074,0.00084847026,0,0.014947129,0.011806203,0
2024-10-01,0.012492644,0.001741685,0,0.030066842,0.0033255033,0
2024-10-02,0.00031109003,0.0035890033,0,0.013212493,0.0036551245,0
2024-10-03,0.01588262,0.007393662,0,0.022035765,0.006514406,0
2024-10-04,0.011892242,-0.0014483472,0,0.016283007,0.0070937406,0
2024-10-05,0.01075617,0.0040219896,0,0.016283007,0.008283101,0
2024-10-06,0.012318014,0.0038502426,0,0.016283007,0.006035749,0
2024-10-07,0.02308758,0.0072256373,0,0.02721407,0.019311601,0
2024-10-08,0.008263291,0.0017416812,0,0.021952324,0.003325522,0
2024-10-09,0.008782281,0.0035890127,0,0.0065284357,0.0036551189,0
2024-10-10,-0.0035385848,0.0073936693,0,-0.01790228,0.0065144077,0
2024-10-11,-0.0049782004,-0.0014483342,0,-0.012092348,0.0070937052,0
2024-10-12,-0.004285915,0.004021966,0,-0.012092348,0.0082831085,0
2024-10-13,0.0022474332,0.0038502445,0,-0.012092348,0.0060357507,0
2024-10-14,-0.0061090747,0.0072256485,0,-0.023366269,0.019311592,0
2024-10-15,0.0073478622,0.0017416817,0,0.0027668586,0.0033255145,0
2024-10-16,0.009145123,0.0035889996,0,0.029445417,0.0036551394,0
2024-10-17,0.009542098,0.00739366,0,0.04437469,0.0065144096,0
2024-10-18,-0.012433611,-0.0014483575,0,0.039009135,0.0070937276,0
2024-10-19,-0.004357579,0.004021957,0,0.039009135,0.00828312,0
2024-10-20,0.0017175588,0.0038502445,0,0.039009135,0.006035764,0
2024-10-21,-0.00020193029,0.0072256587,0,0.036506042,0.019311616,0
2024-10-22,-0.0012911914,0.0017416799,0,0.033605095,0.0033255126,0
2024-10-23,0.014312668,0.0035890024,0,0.04775992,0.003655143,0
2024-10-24,0.01579918,0.007393635,0,0.03270987,0.0065144114,0
2024-10-25,0.0021376712,-0.0014483538,0,0.0025203985,0.0070937295,0
2024-10-26,-0.023429114,0.004021967,0,0.0025203985,0.008283105,0
2024-10-27,-0.01605734,0.003850231,0,0.0025203985,0.006035758,0
2024-10-28,-0.016218837,0.0072256513,0,0.009282534,0.019311614,0
2024-10-29,-0.025781382,0.0017416799,0,0.0065761846,0.00332552,0
2024-10-30,-0.021112423,0.0035889978,0,0.013586347,0.0036551282,0
2024-10-31,0.017130552,0.0073936516,0,0.042743884,0.0065144245,0
2024-11-01,0.036559563,0.002749334,1,0.036974933,0.010380987,2
2024-11-02,0.052181125,-0.001048442,1,0.036974933,0.01056551,0
2024-11-03,0.053348918,0.010247389,0,0.036974933,0.0023492854,0
2024-11-04,0.05626633,0.0153067,0,0.04147265,-0.0011253785,0
2024-11-05,0.04359014,0.0066123214,0,0.034151424,0.009165274,0
2024-11-06,0.016205747,0.0063071866,0,-0.00055397,0.013608212,2
2024-11-07,-0.0012274958,0.005936303,0,-0.016175529,0.0047890805,0
2024-11-08,-0.003682826,0.0027493592,1,-0.008594827,0.0103809945,2
2024-11-09,-0.010656845,-0.0010484438,1,-0.008594827,0.010565525,0
2024-11-10,-0.034771178,0.010247363,0,-0.008594827,0.0023492966,0
2024-11-11,-0.03418757,0.015306704,0,0.0028176333,-0.0011253823,0
2024-11-12,-0.03237589,0.0066123083,0,0.007690963,0.009165285,0
2024-11-13,-0.02416472,0.0063071772,0,0.021265607,0.0136082135,2
2024-11-14,-0.010334507,0.005936304,0,0.025464674,0.004789086,0
2024-11-15,0.01320362,0.0027493434,1,0.058488976,0.010381002,2
2024-11-16,0.01679437,-0.0010484569,1,0.058488976,0.0105655175,0
2024-11-17,0.018397193,0.010247384,0,0.058488976,0.0023493115,0
2024-11-18,0.01147356,0.015306702,0,0.043747272,-0.0011253767,0
2024-11-19,0.004617366,0.006612324,0,0.03347762,0.0091652945,0
2024-11-20,0.006773879,0.006307183,0,0.05179803,0.013608193,2
2024-11-21,0.008538092,0.0059363022,0,0.041732535,0.004789099,0
2024-11-22,-0.0009693373,0.0027493555,1,0.04775482,0.010380998,2
2024-11-23,-0.0009693373,-0.001048468,1,0.04775482,0.010565532,0
2024-11-24,0.0077791587,0.01024737,0,0.04775482,0.002349304,0
2024-11-25,0.0061988533,0.015306702,0,0.06047266,-0.0011253692,0
2024-11-26,0.0008438889,0.006612316,0,0.050703924,0.009165278,0
2024-11-27,0.019577349,0.0063071735,0,0.021864813,0.013608208,2
2024-11-28,0.022638997,0.0059362967,0,0.01740176,0.004789099,0
2024-11-29,0.02617761,0.0027493397,1,0.017347744,0.010380991,2
2024-11-30,0.023402657,-0.001048468,1,0.017347744,0.0105655305,0
2024-12-01,0.032312624,0.0008693673,0,0.017347744,0.0058612823,0
2024-12-02,0.021483772,0.0051356023,0,0.016214387,0.0069523584,0
2024-12-03,0.018422123,-0.0024701646,0,0.026621474,0.008248581,0
2024-12-04,-0.001683054,-0.0010096943,0,0.014334367,0.010303963,0
2024-12-05,-0.0023215623,-0.00046235882,0,0.016429845,0.0075648353,0
2024-12-06,0.0065126745,-0.004624877,0,-0.0058623934,0.008770585,0
2024-12-07,3.792888e-05,-0.005740025,0,-0.0058623934,0.0063724443,0
2024-12-08,0.0076630367,0.0008693654,0,-0.0058623934,0.0058612786,0
2024-12-09,0.015481107,0.0051356023,0,-0.011433441,0.006952379,0
2024-12-10,0.018894566,-0.00247016,0,-0.016551144,0.008248581,0
2024-12-11,0.015448508,-0.0010096794,0,-0.034295347,0.0103039555,0
2024-12-12,0.017509481,-0.00046235044,0,-0.029778486,0.0075648315,0
2024-12-13,-0.026859345,-0.004624868,0,-0.0211709,0.008770583,0
2024-12-14,-0.031322397,-0.005740038,0,-0.0211709,0.006372459,0
2024-12-15,-0.022627918,0.0008693822,0,-0.0211709,0.005861275,0
2024-12-16,-0.036926065,0.005135611,0,-0.024041655,0.006952375,0
2024-12-17,-0.032512292,-0.002470171,0,-0.037633285,0.008248579,0
2024-12-18,0.013926924,-0.0010096831,0,-0.00071477983,0.010303941,0
2024-12-19,0.031858712,-0.00046235416,0,0.0037482723,0.007564824,0
2024-12-20,0.023164233,-0.0046249023,0,-0.020751648,0.008770565,0
2024-12-21,0.02248476,-0.005740023,0,-0.020751648,0.0063724555,0
2024-12-22,0.009102489,0.0008693794,0,-0.020751648,0.0058612805,0
2024-12-23,-0.0005930092,0.0051356074,0,-0.03366609,0.00695239,0
2024-12-24,-0.014061743,-0.0024701757,0,-0.04808476,0.008248558,0
2024-12-25,-0.027450861,-0.0010096757,0,-0.025339145,0.010303952,0
2024-12-26,-0.035302553,-0.00046234392,0,-0.031690355,0.007564822,0
2024-12-27,-0.02192028,-0.0046249116,0,-0.00157042,0.008770581,0
2024-12-28,-0.023878163,-0.005740037,0,-0.00157042,0.0063724555,0
2024-12-29,-0.00764547,0.00086938776,0,-0.00157042,0.0058612768,0
2024-12-30,0.0057436484,0.005135604,0,0.011818699,0.0069523714,0
2024-12-31,0.01427481,-0.0024701739,0,0.026197594,0.008248573,0
2025-01-01,0.025702203,-0.0059638405,0,0.0389025,0.01190784,0
2025-01-02,0.009654682,-0.0001081815,0,0.0429842,0.013993084,0
2025-01-03,-0.0064032255,-0.011311863,0,0.021084266,0.01207613,0
2025-01-04,-0.0064032255,-0.007455873,0,0.021084266,0.01636025,0
2025-01-05,-0.022208666,-0.004944739,0,0.021084266,0.011301966,0
2025-01-06,-0.03363606,-0.0016270401,0,-0.01988998,0.022907922,0
2025-01-07,-0.015630657,-0.0071801073,0,0.012787208,0.009813562,0
2025-01-08,-0.019024383,-0.005963845,0,0.010732731,0.011907855,0
2025-01-09,-0.019974321,-0.00010817591,0,0.014985988,0.013993083,0
2025-01-10,0.018576736,-0.011311853,0,0.02933724,0.012076126,0
2025-01-11,0.011546055,-0.007455902,0,0.02933724,0.016360264,0
2025-01-12,0.028283717,-0.0049447473,0,0.02933724,0.011301963,0
2025-01-13,0.03150266,-0.0016270448,0,0.024520714,0.022907926,0
2025-01-14,0.032452594,-0.0071800835,0,0.037671372,0.009813556,0
2025-01-15,0.0097069815,-0.0059638373,0,0.01945339,0.011907857,0
2025-01-16,0.022585398,-0.00010816101,0,0.031690355,0.013993062,0
2025-01-17,0.018552637,-0.011311848,0,0.0022590428,0.01207613,0
2025-01-18,0.020676456,-0.007455864,0,0.0022590428,0.016360248,0
2025-01-19,0.015009216,-0.0049447296,0,0.0022590428,0.011301983,0
2025-01-20,0.015009216,-0.0016270382,0,0.014291419,0.022907944,0
2025-01-21,0.009161482,-0.0071800994,0,0.0060601966,0.009813542,0
2025-01-22,-0.033090275,-0.0059638484,0,-0.006057794,0.011907861,0
2025-01-23,-0.02054231,-0.00010816287,0,0.0061016507,0.013993075,0
2025-01-24,-0.016754761,-0.011311861,0,0.015958877,0.012076132,0
2025-01-25,-0.012501503,-0.0074558775,0,0.015958877,0.01636026,0
2025-01-26,-0.013955692,-0.0049447184,0,0.015958877,0.011301989,0
2025-01-27,0.015591162,-0.001627027,0,0.045505732,0.022907931,0
2025-01-28,0.00091937743,-0.0071801064,0,0.03309822,0.009813564,0
2025-01-29,-0.0052364003,-0.0059638456,0,0.03525607,0.011907848,0
2025-01-30,0.0027110637,-0.00010816753,0,0.026749153,0.013993101,0
2025-01-31,0.008692884,-0.011311846,0,0.007230301,0.012076128,0
2025-02-01,0.013899168,0.0013555326,0,0.007230301,0.0095806625,0
2025-02-02,0.001205519,0.0047765067,0,0.007230301,0.0076464266,0
2025-02-03,0.009240988,0.0070092296,0,0.0033912845,0.0077070557,0
2025-02-04,-0.0029597338,0.0018889485,0,-0.021488704,0.010293398,0
2025-02-05,0.004545011,0.0048059197,0,-0.023603618,0.012562681,0
2025-02-06,-0.0030447608,-0.0015201457,0,-0.05697412,0.0065259803,0
2025-02-07,0.0102358,0.002052064,0,-0.028612446,0.013804477,0
2025-02-08,0.024519065,0.001355527,0,-0.028612446,0.009580653,0
2025-02-09,0.02870905,0.0047765104,0,-0.028612446,0.0076464433,0
2025-02-10,0.016676674,0.007009227,0,-0.0627702,0.007707035,0
2025-02-11,0.019060163,0.0018889476,0,-0.06340908,0.010293413,0
2025-02-12,0.018473249,0.004805915,0,-0.051044162,0.012562685,0
2025-02-13,0.006454261,-0.0015201531,0,-0.09322227,0.0065259784,0
2025-02-14,0.0025424303,0.0020520696,0,-0.09008565,0.013804467,0
2025-02-15,-0.0017112265,0.0013555214,0,-0.09008565,0.009580655,0
2025-02-16,-0.022684269,0.0047765,0,-0.09008565,0.007646434,0
2025-02-17,-0.022684269,0.0070092296,0,-0.12961307,0.0077070314,0
2025-02-18,-0.024948545,0.0018889364,0,-0.13427064,0.010293413,0
2025-02-19,-0.037101183,0.004805913,0,-0.123331144,0.0125627,0
2025-02-20,-0.045526795,-0.0015201503,0,-0.13723174,0.006525971,0
2025-02-21,-0.022141036,0.0020520557,0,-0.09237564,0.013804499,0
2025-02-22,-0.050305255,0.0013555111,0,-0.09237564,0.009580653,0
2025-02-23,-0.034637228,0.0047764946,0,-0.09237564,0.0076464377,0
2025-02-24,-0.022762742,0.007009238,0,-0.07403841,0.007707035,0
2025-02-25,-0.010083476,0.0018889429,0,-0.07855353,0.010293404,0
2025-02-26,-0.034621578,0.004805931,0,-0.06767353,0.0125627015,0
2025-02-27,-0.009479726,-0.0015201578,0,-0.04290466,0.0065259486,0
2025-02-28,-0.012195916,0.0020520566,0,-0.05528137,0.013804445,0
2025-03-01,-0.04009076,0.00053773803,0,-0.05528137,0.008587433,0
2025-03-02,-0.03276415,0.00011425186,0,-0.05528137,0.005835412,0
2025-03-03,-0.01063877,0.0038466938,0,-0.011448956,0.015935171,0
2025-03-04,-0.0076164003,-0.0024296092,0,-0.0027362441,0.0043462384,0
2025-03-05,-0.06009566,-0.00011902605,0,-0.034260124,0.005189387,0
2025-03-06,-0.034594115,0.0038733827,0,-0.0120796785,0.0059403908,0
2025-03-07,-0.03070307,-0.0052334573,0,-0.046086803,0.0074101314,0
2025-03-08,-0.04885732,0.000537752,0,-0.046086803,0.0085874535,0
2025-03-09,-0.024974264,0.000114251394,0,-0.046086803,0.005835416,0
2025-03-10,0.014553158,0.0038466863,0,-0.006602095,0.015935156,0
2025-03-11,0.016946455,-0.0024295934,0,0.0038199746,0.004346261,0
2025-03-12,0.0121915545,-0.00011903606,0,-0.00012561197,0.0051893704,0
2025-03-13,0.013151422,0.0038733846,0,-0.036991257,0.005940402,0
2025-03-14,0.002561081,-0.005233472,0,-0.124995604,0.00741015,0
2025-03-15,-0.000834268,0.0005377517,0,-0.124995604,0.008587452,0
2025-03-16,0.0024570464,0.00011425046,0,-0.124995604,0.0058353897,0
2025-03-17,-0.004005704,0.003846677,0,-0.12904812,0.015935166,0
2025-03-18,0.013188679,-0.0024296143,0,-0.13002631,0.0043462496,0
2025-03-19,0.021602996,-0.00011902815,0,-0.029962832,0.005189372,0
2025-03-20,0.030688688,0.0038733855,0,-0.07003071,0.005940413,0
2025-03-21,0.00882533,-0.005233445,0,-0.055066578,0.007410148,0
2025-03-22,0.0031109345,0.00053774985,0,-0.055066578,0.008587457,0
2025-03-23,-0.023569586,0.000114237424,0,-0.055066578,0.0058354214,0
2025-03-24,-0.045276616,0.0038466603,0,-0.07001831,0.015935201,0
2025-03-25,-0.05096696,-0.0024296031,0,-0.074594475,0.0043462664,0
2025-03-26,-0.03243763,-0.000119023025,0,-0.08663989,0.0051893853,0
2025-03-27,-0.018694462,0.0038733901,0,-0.08110561,0.0059404224,0
2025-03-28,0.015258123,-0.005233479,0,-0.05442509,0.007410165,0
2025-03-29,-0.03976177,0.0005377603,0,-0.05442509,0.008587465,0
2025-03-30,-0.103883065,0.00011425605,0,-0.05442509,0.005835412,0
2025-03-31,-0.10384035,0.003846665,0,-0.07944051,0.015935177,0
2025-04-01,-0.11186913,-0.0038196994,0,-0.061555818,0.0054338686,0
2025-04-02,-0.11673096,-0.0023722327,0,-0.04640308,0.0076634604,0
2025-04-03,-0.07988363,-0.000695087,0,0.036365353,0.00762536,0
2025-04-04,0.09759385,-0.005672148,0,0.11157292,0.007816147,0
2025-04-05,0.054130625,-0.0031711515,0,0.11157292,0.009080637,0
2025-04-06,0.07238607,-0.0013000849,0,0.11157292,0.0073024463,0
2025-04-07,0.069975846,0.0005722279,0,0.108845204,0.015669728,0
2025-04-08,0.0881484,-0.0038196985,0,0.13360049,0.005433878,0
2025-04-09,-0.018452477,-0.0023722202,0,0.02011812,0.007663451,0
2025-04-10,0.026124924,-0.000695101,0,0.076557525,0.0076253694,0
2025-04-11,-0.022747982,-0.0056721424,0,0.073036894,0.007816164,0
2025-04-12,-0.022928098,-0.0031711503,0,0.073036894,0.009080652,0
2025-04-13,-0.022928098,-0.0013000867,0,0.073036894,0.0073024575,0
2025-04-14,-0.029683404,0.0005722251,0,0.06033137,0.015669724,0
2025-04-15,-0.030797577,-0.003819705,0,0.049871963,0.0054338835,0
2025-04-16,-0.02523825,-0.0023722416,0,0.08440764,0.007663453,0
2025-04-17,0.0008553329,-0.0006950917,0,0.09485968,0.0076253787,0
2025-04-18,0.023280134,-0.0056721466,0,0.09420415,0.007816166,0
2025-04-19,0.051028673,-0.0031711576,0,0.09420415,0.009080658,0
2025-04-20,0.062114947,-0.0013000821,0,0.09420415,0.00730245,0
2025-04-21,0.08717308,0.000572226,0,0.15919445,0.015669728,0
2025-04-22,0.061259616,-0.0038197134,0,0.14840682,0.0054338872,0
2025-04-23,0.038517322,-0.0023722504,0,0.13195711,0.0076634586,0
2025-04-24,0.017351504,-0.0006951131,0,0.10530708,0.0076253843,0
2025-04-25,0.0061390526,-0.005672149,0,0.0985638,0.007816166,0
2025-04-26,0.019115232,-0.003171159,0,0.0985638,0.009080676,0
2025-04-27,0.033850044,-0.0013000802,0,0.0985638,0.007302467,0
2025-04-28,0.034167536,0.00057221856,0,0.099839486,0.015669743,0
2025-04-29,0.027584815,-0.0038197087,0,0.089918,0.005433889,0
2025-04-30,0.021760773,-0.0023722555,0,0.07605001,0.0076634567,0
2025-05-01,-0.00056064164,0.0025884435,0,0.06494333,0.010538023,0
2025-05-02,-0.011377231,-0.0038931668,0,0.04090461,0.012353875,0
2025-05-03,-0.0011053088,0.0006831875,0,0.04090461,0.014826458,0
2025-05-04,-0.0017608464,0.0009913351,0,0.04090461,0.010574255,0
2025-05-05,0.0041893735,0.004515685,0,0.04685483,0.023541544,0
2025-05-06,0.013534609,-0.0010340633,0,0.07945279,0.007882915,0
2025-05-07,0.04954857,0.0010586558,0,0.07109284,0.009118717,0
2025-05-08,0.054402463,0.002588451,0,0.06278474,0.01053803,0
2025-05-09,0.061033104,-0.0038931621,0,0.061861783,0.012353875,0
2025-05-10,0.062131606,0.0006831889,0,0.061861783,0.014826465,0
2025-05-11,0.0664746,0.0009913426,0,0.061861783,0.010574242,0
2025-05-12,0.026542418,0.0045156917,0,0.02979693,0.023541553,0
2025-05-13,0.011416601,-0.0010340447,0,0.022457631,0.007882901,0
2025-05-14,0.006399697,0.0010586511,0,0.019266473,0.009118712,0
2025-05-15,0.0019624273,0.0025884518,0,0.0106126,0.010538027,0
2025-05-16,-0.016374737,-0.0038931724,0,0.015997415,0.012353856,0
2025-05-17,-0.01450524,0.0006831859,0,0.015997415,0.01482649,0
2025-05-18,-0.023809144,0.0009913547,0,0.015997415,0.010574225,0
2025-05-19,-0.024767343,0.004515685,0,0.016510287,0.023541529,0
2025-05-20,-0.021428578,-0.0010340605,0,0.02644107,0.007882893,0
2025-05-21,-0.007434407,0.0010586423,0,0.03705999,0.009118702,0
2025-05-22,0.013948823,0.0025884425,0,0.037535552,0.010538038,0
2025-05-23,0.018810993,-0.0038931752,0,0.03420537,0.012353865,0
2025-05-24,0.020774823,0.00068319286,0,0.03420537,0.014826471,0
2025-05-25,0.019196328,0.0009913435,0,0.03420537,0.010574266,0
2025-05-26,0.019196328,0.0045156954,0,0.048019383,0.023541527,0
2025-05-27,-0.0040564,-0.0010340456,0,0.014967492,0.007882914,0
2025-05-28,0.008252663,0.0010586646,0,0.01923914,0.009118732,0
2025-05-29,0.01407535,0.0025884416,0,0.017275311,0.010538034,0
2025-05-30,0.018437792,-0.0038931686,0,0.014762238,0.012353852,0
2025-05-31,0.010882422,0.00068318355,0,0.014762238,0.014826482,0
2025-06-01,0.020610232,0.014804732,0,0.014762238,0.021410706,2
2025-06-02,0.012742904,0.0146071855,0,0.017124893,0.027357444,2
2025-06-03,0.0049563865,0.012521922,0,0.024514591,0.01994885,2
2025-06-04,0.003643511,0.013939569,0,0.024283791,0.020893857,2
2025-06-05,0.017790897,0.005245613,0,0.04114617,0.013732286,0
2025-06-06,0.0046878373,0.013428419,0,0.034836017,0.025756817,2
2025-06-07,0.007032895,0.013657665,0,0.034836017,0.016614063,0
2025-06-08,-0.005601189,0.014804732,0,0.034836017,0.021410698,2
2025-06-09,-0.0070722587,0.014607179,0,0.03982109,0.027357444,2
2025-06-10,-0.013664275,0.012521907,0,0.024763873,0.019948864,2
2025-06-11,0.003524986,0.013939558,0,0.03508042,0.020893851,2
2025-06-12,-0.008619236,0.0052456195,0,0.04252746,0.013732303,0
2025-06-13,0.003844763,0.013428442,0,0.055161547,0.0257568,2
2025-06-14,0.003844763,0.013657668,0,0.055161547,0.01661408,0
2025-06-15,-0.00024680604,0.014804745,0,0.055161547,0.021410692,2
2025-06-16,-0.014060819,0.014607185,0,0.033786163,0.027357448,2
2025-06-17,-0.0042616543,0.012521922,0,0.044146772,0.019948848,2
2025-06-18,0.006138416,0.013939552,0,0.051370792,0.020893853,2
2025-06-19,0.02131463,0.005245624,0,0.049931575,0.013732279,0
2025-06-20,0.027959345,0.01342843,0,0.051770065,0.02575681,2
2025-06-21,0.037266355,0.013657675,0,0.051770065,0.016614076,0
2025-06-22,0.04068401,0.014804742,0,0.051770065,0.021410689,2
2025-06-23,0.030454028,0.014607185,0,0.045160435,0.02735745,2
2025-06-24,0.015277813,0.012521904,0,0.030900674,0.019948866,2
2025-06-25,0.01918081,0.013939568,0,0.029370854,0.020893866,2
2025-06-26,0.0014085998,0.005245623,0,0.028123973,0.013732297,0
2025-06-27,0.004932242,0.01342843,0,0.02374474,0.025756817,2
2025-06-28,0.014724339,0.013657664,0,0.02374474,0.016614093,0
2025-06-29,0.014724339,0.014804735,0,0.02374474,0.021410694,2
2025-06-30,0.008268197,0.014607194,0,0.02245997,0.027357446,2
2025-07-01,0.016733397,0.013269916,0,0.025736026,0.0207,2
2025-07-02,0.0022307273,0.015710156,0,0.023345543,0.021008383,2
2025-07-03,-0.006999923,0.0061564175,0,0.015679585,0.0133748185,0
2025-07-04,5.4008935e-05,0.0141705405,1,0.018083751,0.026657358,2
2025-07-05,-0.001385209,0.01625745,1,0.018083751,0.016219601,2
2025-07-06,-0.0036382868,0.015736893,0,0.018083751,0.02167219,2
2025-07-07,0.003923083,0.01640195,0,0.028765325,0.027235366,2
2025-07-08,0.003361636,0.013269913,0,0.026653837,0.02069998,2
2025-07-09,-7.193923e-05,0.015710175,0,0.020938845,0.021008356,2
2025-07-10,0.0022837317,0.006156411,0,0.017064795,0.013374809,0
2025-07-11,0.005560133,0.014170526,1,-0.0005775679,0.026657375,2
2025-07-12,0.013620264,0.016257439,1,-0.0005775679,0.016219612,2
2025-07-13,0.012658686,0.015736884,0,-0.0005775679,0.0216722,2
2025-07-14,0.00903833,0.016401941,0,0.014085627,0.027235387,2
2025-07-15,0.008121877,0.013269901,0,0.0063563795,0.020699989,2
2025-07-16,0.012269926,0.015710179,0,0.017837873,0.021008369,2
2025-07-17,-0.0009793467,0.0061564026,0,0.013156209,0.013374804,0
2025-07-18,0.0045330455,0.014170516,1,0.02340283,0.026657343,2
2025-07-19,0.0066591855,0.016257446,1,0.02340283,0.01621961,2
2025-07-20,0.009063352,0.015736874,0,0.02340283,0.021672206,2
2025-07-21,0.0038919789,0.01640195,0,0.015268207,0.027235372,2
2025-07-22,0.0090811215,0.0132699115,0,0.032947797,0.02069999,2
2025-07-23,0.0076505095,0.015710162,0,0.02889684,0.021008337,2
2025-07-24,0.003974329,0.0061564036,0,0.025995076,0.01337482,0
2025-07-25,0.0029091027,0.014170564,1,0.019183734,0.02665736,2
2025-07-26,-0.0024041664,0.016257439,1,0.019183734,0.016219603,2
2025-07-27,-0.022299606,0.015736878,0,0.019183734,0.021672202,2
2025-07-28,-0.025419809,0.016401943,0,0.01566498,0.027235363,2
2025-07-29,-0.02386977,0.013269897,0,0.0035546713,0.020699983,2
2025-07-30,-0.006925157,0.015710164,0,-0.0037392213,0.021008369,2
2025-07-31,-0.008424683,0.006156408,0,-0.0030665824,0.013374815,0
2025-08-01,0.023975575,-0.007813141,0,0.03213855,0.009407369,0
2025-08-02,0.027354041,-0.0015500478,0,0.03213855,0.011855438,0
2025-08-03,0.036639083,-0.0008007176,0,0.03213855,0.008535095,0
2025-08-04,0.018355532,0.0034816256,0,0.010966012,0.021006346,0
2025-08-05,0.025168328,-0.0033212071,0,0.02178609,0.0067967307,0
2025-08-06,0.00970026,-0.001963086,0,0.0108169485,0.007919205,0
2025-08-07,0.018812243,0.0059526805,0,0.013678903,0.010539038,0
2025-08-08,0.010027057,-0.007813142,0,-0.0072492054,0.009407377,0
2025-08-09,0.009251432,-0.0015500371,0,-0.0072492054,0.0118554495,0
2025-08-10,0.004844256,-0.0008007102,0,-0.0072492054,0.00853508,0
2025-08-11,0.0078075062,0.0034816405,0,-0.0042859553,0.021006368,0
2025-08-12,-0.0046829423,-0.0033212057,0,-0.025191778,0.0067967307,0
2025-08-13,-0.0055813524,-0.0019630974,0,-0.017854916,0.007919198,0
2025-08-14,-0.018466074,0.005952671,0,-0.008068586,0.01053906,0
2025-08-15,-0.020013852,-0.007813113,0,-0.002219602,0.009407371,0
2025-08-16,-0.024654483,-0.0015500382,0,-0.002219602,0.01185544,0
2025-08-17,-0.009344792,-0.00080070645,0,-0.002219602,0.008535074,0
2025-08-18,-0.00894624,0.003481621,0,0.0030451026,0.021006355,0
2025-08-19,0.0047141076,-0.0033212034,0,0.019534644,0.0067967214,0
2025-08-20,0.007780077,-0.0019630848,0,0.025816806,0.007919209,0
2025-08-21,0.01642799,0.0059526768,0,0.036261056,0.010539027,0
2025-08-22,0.0026539748,-0.00781312,0,0.025358796,0.009407373,0
2025-08-23,0.008894395,-0.0015500451,0,0.025358796,0.011855442,0
2025-08-24,-0.0027486696,-0.00080069806,0,0.025358796,0.008535102,0
2025-08-25,0.00014031403,0.003481634,0,0.03676832,0.021006372,0
2025-08-26,-0.003866969,-0.0033211964,0,0.03191573,0.0067967493,0
2025-08-27,-0.005402644,-0.001963085,0,0.02838204,0.007919198,0
2025-08-28,-0.02005844,0.005952673,0,0.031118065,0.010539046,0
2025-08-29,-0.000578654,-0.007813126,0,0.049507767,0.009407381,0
2025-08-30,0.008432051,-0.001550041,0,0.049507767,0.011855433,0
2025-08-31,0.00987386,-0.00080069806,0,0.049507767,0.008535083,0
2025-09-01,0.00987386,0.00084847957,0,0.055410326,0.011806203,0
2025-09-02,0.018289234,-0.006191418,0,0.057161298,0.006928401,0
2025-09-03,0.015318667,-0.0039976323,0,0.04580778,0.008711677,0
2025-09-04,0.009137155,-0.0017259177,0,0.03247647,0.006691415,0
2025-09-05,0.008022554,-0.008547229,0,0.035137177,0.00942187,0
2025-09-06,0.0138261765,-0.0051781936,0,0.035137177,0.01035348,0
2025-09-07,0.018233607,-0.002993877,0,0.035137177,0.006687127,0
2025-09-08,0.013367454,0.0008484898,0,0.034891475,0.011806201,0
2025-09-09,0.0105382595,-0.006191405,0,0.03479765,0.006928427,0
2025-09-10,0.018731592,-0.0039976365,0,0.03925599,0.008711686,0
2025-09-11,0.012082664,-0.001725913,0,0.037555005,0.006691439,0
2025-09-12,0.00567722,-0.008547221,0,0.028928937,0.009421881,0
2025-09-13,0.014653664,-0.005178195,0,0.028928937,0.010353461,0
2025-09-14,0.021400303,-0.0029938808,0,0.028928937,0.006687131,0
2025-09-15,0.012879761,0.00084846094,0,0.02789053,0.011806205,0
2025-09-16,0.0137250675,-0.0061913994,0,0.023456289,0.006928401,0
2025-09-17,0.02162564,-0.0039976365,0,0.03685292,0.00871169,0
2025-09-18,0.0059847943,-0.0017259289,0,0.02666544,0.006691411,0
2025-09-19,-0.0042786417,-0.008547221,0,-0.015412333,0.009421887,0
2025-09-20,-0.008599248,-0.0051781996,0,-0.015412333,0.010353465,0
2025-09-21,-0.0044967313,-0.0029938752,0,-0.015412333,0.00668717,0
2025-09-22,-0.0103992885,0.0008484563,0,-0.00031556422,0.011806207,0
2025-09-23,-0.0037348869,-0.0061914115,0,-0.0003344348,0.0069283955,0
2025-09-24,0.004402361,-0.0039976365,0,0.010214384,0.008711688,0
2025-09-25,0.0114583345,-0.0017259233,0,0.010825182,0.006691424,0
2025-09-26,0.01214137,-0.008547227,0,0.013267985,0.009421885,0
2025-09-27,0.016244004,-0.0051782005,0,0.013267985,0.010353453,0
2025-09-28,0.012025367,-0.0029938705,0,0.013267985,0.006687138,0
2025-09-29,0.007404916,0.0008484628,0,0.021169523,0.011806179,0
2025-09-30,0.004669548,-0.0061913994,0,0.018172592,0.0069283955,0
2025-10-01,0.007366129,0.0035890117,0,0.0037063495,0.0036551375,0
2025-10-02,-0.0020160528,0.00739366,0,0.007975068,0.006514387,0
2025-10-03,0.013601201,-0.0014483416,0,0.022815345,0.0070937183,0
2025-10-04,0.0123901665,0.0040219696,0,0.022815345,0.008283125,0
2025-10-05,-0.02294097,0.0038502272,0,0.022815345,0.0060357787,0
2025-10-06,-0.030423101,0.007225655,0,0.032985743,0.019311609,0
2025-10-07,-0.025143554,0.001741677,0,0.04592577,0.00332552,0
2025-10-08,-0.015542843,0.0035890043,0,0.03902005,0.0036551226,0
2025-10-09,-0.02101508,0.0073936516,0,0.02482442,0.0065144133,0
2025-10-10,0.021348076,-0.00144835,0,0.06496785,0.0070937313,0
2025-10-11,0.017638268,0.004021954,0,0.06496785,0.008283135,0
2025-10-12,0.024183586,0.003850243,0,0.06496785,0.0060357396,0
2025-10-13,0.0031842608,0.007225666,0,0.048741918,0.019311598,0
2025-10-14,0.009867533,0.0017416901,0,0.034918312,0.0033255126,0
2025-10-15,0.0153575,0.0035889833,0,0.034373123,0.003655143,0
2025-10-16,0.018805746,0.0073936703,0,0.019279946,0.0065144002,0
2025-10-17,0.0025797351,-0.001448336,0,0.009574284,0.0070937127,0
2025-10-18,0.010951088,0.004021974,0,0.009574284,0.008283103,0
2025-10-19,0.021572726,0.003850225,0,0.009574284,0.00603576,0
2025-10-20,0.009050738,0.0072256364,0,0.018935315,0.019311594,0
2025-10-21,0.0093123,0.0017416761,0,0.016529825,0.0033255331,0
2025-10-22,0.036645524,0.0035889996,0,0.025421862,0.00365513,0
2025-10-23,0.03593465,0.0073936526,0,-0.0035767483,0.0065144245,0
2025-10-24,0.029805906,-0.0014483384,0,-0.013442686,0.0070937257,0
2025-10-25,0.014399242,0.0040219477,0,-0.013442686,0.008283131,0
2025-10-26,0.019211538,0.0038502263,0,-0.013442686,0.0060357545,0
2025-10-27,0.0015590057,0.007225654,0,-0.03967243,0.019311605,0
2025-10-28,-0.006101471,0.001741671,0,-0.05958332,0.0033255387,0
2025-10-29,-0.0058209742,0.0035889978,0,-0.05812392,0.0036551282,0
2025-10-30,-0.010921187,0.007393658,0,-0.066673785,0.0065144096,0
2025-10-31,-0.009246653,-0.0014483412,0,-0.06400138,0.0070937276,0
2025-11-01,-0.028049638,-0.0010484383,1,-0.06400138,0.010565503,0
2025-11-02,-0.031209981,0.010247385,0,-0.06400138,0.0023493003,0
2025-11-03,-0.035983372,0.0153067075,0,-0.043523107,-0.0011253916,0
2025-11-04,-0.015476497,0.006612312,0,-0.016871458,0.009165287,0
2025-11-05,-8.0307735e-05,0.006307165,0,-0.0145612955,0.013608221,2
2025-11-06,0.016055625,0.005936306,0,0.0042416905,0.0047891103,0
2025-11-07,0.018427312,0.0027493546,1,0.015476497,0.010380967,2
2025-11-08,-0.002199945,-0.0010484513,1,0.015476497,0.010565521,0
2025-11-09,-0.0014442437,0.010247374,0,0.015476497,0.0023493115,0
2025-11-10,-0.023327263,0.015306715,0,-0.009771092,-0.0011253692,0
2025-11-11,-0.02066021,0.0066123316,0,0.000691552,0.0091652665,0
2025-11-12,-0.02844877,0.0063071894,0,0.0039209905,0.01360821,2
2025-11-13,-0.020071926,0.0059363134,0,0.023617562,0.004789101,0
2025-11-14,-0.014875327,0.0027493555,1,0.026931029,0.01038097,2
2025-11-15,-0.03883186,-0.0010484606,1,0.026931029,0.010565514,0
2025-11-16,-0.03134716,0.010247384,0,0.026931029,0.0023493022,0
2025-11-17,-0.022769947,0.015306711,0,0.03358792,-0.0011253897,0
2025-11-18,-0.0105195325,0.006612323,0,0.047070954,0.009165272,0
2025-11-19,0.008779836,0.006307168,0,0.045205954,0.01360821,2
2025-11-20,0.03888114,0.005936319,0,0.06592282,0.0047890786,0
2025-11-21,0.040193435,0.0027493443,1,0.0391347,0.010380987,2
2025-11-22,0.040193435,-0.0010484513,1,0.0391347,0.010565508,0
2025-11-23,0.0482679,0.010247388,0,0.0391347,0.0023492798,0
2025-11-24,0.023016231,0.015306717,0,0.008850976,-0.0011253711,0
2025-11-25,0.016871458,0.006612324,0,0.0046860804,0.009165276,0
2025-11-26,0.0047098957,0.0063071754,0,-0.022821913,0.013608195,2
2025-11-27,0.012505487,0.005936305,0,-0.00843573,0.004789103,0
2025-11-28,0.0068718065,0.0027493434,1,-0.0035590678,0.010380989,2
2025-11-29,0.0059411214,-0.0010484438,1,-0.0035590678,0.010565527,0
2025-11-30,0.010010289,0.010247369,0,-0.0035590678,0.0023493133,0
2025-12-01,0.013374858,0.0051356186,0,0.0045875767,0.0069523714,0
2025-12-02,0.0055792667,-0.0024701646,0,0.001464381,0.008248597,0
2025-12-03,0.0012181619,-0.0010096887,0,0.0019448649,0.0103039555,0
2025-12-04,0.0033814644,-0.0004623579,0,0.0028755502,0.0075648148,0
2025-12-05,0.003399598,-0.004624893,0,-0.0012576939,0.008770576,0
2025-12-06,0.00015993362,-0.0057400363,0,-0.0012576939,0.0063724443,0
2025-12-07,-0.01914349,0.000869371,0,-0.0012576939,0.005861271,0
2025-12-08,-0.01722317,0.005135613,0,-0.0041897553,0.0069523677,0
2025-12-09,-0.018455787,-0.0024701823,0,-0.0077443966,0.008248573,0
2025-12-10,-0.027575143,-0.0010096896,0,-0.020131703,0.010303937,0
2025-12-11,-0.0223556,-0.0004623579,0,-0.016892038,0.0075648334,0
2025-12-12,-0.021763176,-0.0046248967,0,0.0004723695,0.00877057,0
2025-12-13,-0.0073769926,-0.0057400335,0,0.0004723695,0.0063724797,0
2025-12-14,0.0055741337,0.0008693747,0,0.0004723695,0.005861273,0
2025-12-15,0.010606187,0.005135594,0,0.0134160165,0.0069523733,0
2025-12-16,0.008626309,-0.0024701674,0,0.020184299,0.008248562,0
2025-12-17,0.032119386,-0.0010096831,0,0.039857328,0.010303926,0
2025-12-18,0.022405596,-0.0004623402,0,0.019765902,0.0075648185,0
2025-12-19,0.012375739,-0.0046248827,0,0.016725779,0.0087705795,0
2025-12-20,0.012375739,-0.005740038,0,0.016725779,0.0063724667,0
2025-12-21,0.012311663,0.0008693775,0,0.016725779,0.0058612768,0
2025-12-22,0.0075295866,0.0051355963,0,0.012773101,0.006952392,0
2025-12-23,0.0028571917,-0.0024701767,0,0.006616766,0.008248562,0
2025-12-24,-0.0049164584,-0.001009672,0,-0.0070447824,0.010303931,0
2025-12-25,-0.007238482,-0.00046235137,0,-0.0034517914,0.0075648203,0
2025-12-26,-0.015474412,-0.0046248967,0,-0.0042244047,0.0087705515,0
2025-12-27,-0.015474412,-0.0057400297,0,-0.0042244047,0.00637245,0
2025-12-28,-0.017413426,0.0008693775,0,-0.0042244047,0.0058612674,0
2025-12-29,-0.012561045,0.0051356116,0,0.0006279772,0.0069523584,0
2025-12-30,-0.010239021,-0.0024701692,0,-0.018526131,0.008248555,0
2025-12-31,0.0059725777,-0.0010096878,0,0.0032017706,0.010303944,0
2026-01-01,0.014720739,-0.00010817405,0,0.0104448665,0.0139930695,0
2026-01-02,0.017621784,-0.011311856,0,0.015536265,0.012076125,0
2026-01-03,0.011916541,-0.0074558826,0,0.015536265,0.01636024,0
2026-01-04,0.021827543,-0.0049447417,0,0.015536265,0.011301974,0
2026-01-05,0.0139159495,-0.001627042,0,0.012015154,0.02290795,0
2026-01-06,0.0051677884,-0.007180118,0,0.01229145,0.009813545,0
2026-01-07,0.0050351587,-0.0059638275,0,0.014635417,0.011907861,0
2026-01-08,0.009256461,-0.00010818243,0,0.014337428,0.013993086,0
2026-01-09,-0.011394822,-0.0113118645,0,-0.0076571503,0.012076115,0
2026-01-10,-0.0078018303,-0.0074558817,0,-0.0076571503,0.016360236,0
2026-01-11,-0.008638521,-0.0049447464,0,-0.0076571503,0.011301978,0
2026-01-12,-0.009467919,-0.0016270597,0,-0.0016435974,0.022907956,0
2026-01-13,-0.007983979,-0.0071801157,0,-0.015642874,0.00981356,0
2026-01-14,0.0027563013,-0.005963844,0,-0.02252603,0.011907838,0
2026-01-15,-0.022312822,-0.00010817032,0,-0.040618967,0.013993066,0
2026-01-16,-0.008048236,-0.011311853,0,-0.018864628,0.012076123,0
2026-01-17,-0.00080514007,-0.0074558775,0,-0.018864628,0.016360253,0
2026-01-18,0.002347243,-0.0049447482,0,0.0,0.011301978,0
2026-01-19,0.002347243,-0.0016270578,0,0.0,0.022907926,0
2026-01-20,0.023823375,-0.007180106,0,0.0,0.009813556,0
2026-01-21,0.014785961,-0.005963841,0,0.0,0.011907827,0
2026-01-22,0.016567321,-0.000108164735,0,0.0,0.013993043,0
2026-01-23,0.016720934,-0.011311853,0,0.0,0.01207613,0
2026-01-24,0.010717704,-0.007455876,0,0.0,0.016360244,0
2026-01-25,-0.0013658727,-0.0049447417,0,0.0,0.011301979,0
2026-01-26,-0.0057563544,-0.0016270308,0,0.0,0.02290793,0
2026-01-27,-0.014780811,-0.0071801036,0,0.0,0.009813556,0
2026-01-28,-0.011243856,-0.005963838,0,0.0,0.011907857,0
2026-01-29,-0.020723842,-0.00010817312,0,0.0,0.013993084,0
2026-01-30,-0.0262637,-0.0113118505,0,0.0,0.012076115,0
2026-01-31,-0.040763646,-0.0074558756,0,0.0,0.016360255,0
2026-02-01,-0.019845998,0.0047765085,0,0.0,0.0076464284,0
2026-02-02,-0.02668895,0.0070092175,0,0.0,0.007707039,0
2026-02-03,0.0,0.0018889317,0,0.0,0.010293402,0
2026-02-04,0.0,0.0048059085,0,0.0,0.012562711,0
2026-02-05,0.0,-0.0015201438,0,0.0,0.006525969,0
2026-02-06,0.0,0.0020520547,0,0.0,0.01380446,0
2026-02-07,0.0,0.0013555186,0,0.0,0.009580657,0
